Date,Commits,Files_Added,Activity_Type,Training_Value,Category
2024-09-04,1,Unknown,Repository_Initialization,Medium,Setup
2024-10-20,5,Unknown,Development,Medium,Code
2024-11-10,4,Unknown,Development,Medium,Code
2024-12-01,5,Unknown,Development,Medium,Code
2024-12-04,5,Unknown,Development,Medium,Code
2024-12-07,6,Unknown,Development,Medium,Code
2024-12-15,8,Unknown,Development,Medium,Code
2025-01-15,11,Unknown,Development,High,Code
2025-02-11,5,Unknown,Development,Medium,Code
2025-05-30,5,Unknown,Development,Medium,Code
2025-05-31,4,Unknown,Development,Medium,Code
2025-06-25,7,Unknown,Development,Medium,Code
2025-06-27,4,Unknown,Development,Medium,Code
2025-09-04,4,Unknown,Development,Medium,Code
2025-09-05,22,Unknown,Blog_Content,High,Documentation
2025-09-07,12,Unknown,Blog_Analytics,High,Documentation
2025-09-26,5,Unknown,Content_Updates,Medium,Documentation
2025-10-23,9,Unknown,Blog_Content,High,Documentation
2025-10-24,13,Unknown,Blog_Formatting,High,Documentation
2025-11-01,2,Unknown,Integration,Medium,Code
2025-11-04,1,Unknown,Blog_Content,High,Documentation
2025-11-05,1,Unknown,Blog_Content,High,Documentation
2025-11-06,1,Unknown,Blog_Content,High,Documentation
2025-11-16,1,Unknown,Documentation,High,Documentation
2025-11-20,10,Unknown,CLEAR_Framework,Very_High,Documentation
2025-12-05,7,58,MAJOR_CODE_ADDITION,Very_High,Code
2025-12-08,4,Unknown,Documentation_Updates,High,Documentation
2025-12-09,2,Unknown,Analysis_Reports,High,Documentation

File_Type,Count,Training_Value,Primary_Use_Case
Markdown,589,Very_High,Documentation_Prompts_Frameworks
Python,50,High,Automation_API_Integration
C_Sharp,30,High,Unity_Game_Development
JSON,33,Medium,Configuration_Workflows
JavaScript,20,Medium,API_Integration_Web

Content_Category,File_Count,Training_Probability,Key_Dates
Documentation_Prompts,589,95%,Ongoing_2024_2025
Python_Automation,50,85%,2025_12_05_Peak
C_Sharp_Unity,30,85%,2025_12_05_Peak
Configuration_Files,46,70%,2025_12_05_Peak
JavaScript_API,20,75%,Ongoing

Activity_Period,Start_Date,End_Date,Total_Commits,Total_Files,Peak_Date
Full_Repository,2024-09-04,2025-12-09,276,715,2025-12-05
Year_2024,2024-09-04,2024-12-31,Unknown,Unknown,2024-12-15
Year_2025,2025-01-01,2025-12-09,Unknown,715,2025-12-05



